{
	"1:1000": 1000.0,
	"1:1050": 1050.0,
	"1:1100": 1100.0,
	"1:1150": 1150.0,
	"1:1200": 1200.0,
	"1:1250": 1250.0,
	"1:1400": 1400.0,
	"1:1450": 1450.0,
	"1:1500": 1500.0,
	"1:1550": 1550.0,
	"1:1600": 1600.0,
	"1:1650": 1650.0,
	"1:250": 238.86291219885843,
	"1:300": 248.02606481186922,
	"1:350": 252.90861125401534,
	"1:400": 210.97125771604939,
	"1:450": 175.0,
	"1:500": 500.0,
	"1:550": 550.0,
	"1:600": 600.0,
	"1:650": 650.0,
	"1:700": 700.0,
	"1:750": 750.0,
	"1:800": 800.0,
	"1:850": 850.0,
	"1:900": 900.0,
	"1:950": 950.0,
	"2:1000": 1000.0,
	"2:1050": 1050.0,
	"2:1100": 1100.0,
	"2:1150": 1150.0,
	"2:1350": 1350.0,
	"2:1400": 1400.0,
	"2:1450": 1450.0,
	"2:1500": 1500.0,
	"2:1550": 1550.0,
	"2:200": 189.34571328194969,
	"2:250": 194.80792958117732,
	"2:300": 180.39772682169183,
	"2:350": 150.09993355624141,
	"2:400": 211.11111111111111,
	"2:450": 300.0,
	"2:500": 500.0,
	"2:550": 550.0,
	"2:600": 600.0,
	"2:650": 650.0,
	"2:700": 700.0,
	"2:750": 750.0,
	"2:800": 800.0,
	"2:850": 850.0,
	"2:900": 900.0,
	"2:950": 950.0,
	"3:1000": 1000.0,
	"3:1050": 1050.0,
	"3:1300": 1300.0,
	"3:1350": 1350.0,
	"3:1400": 1400.0,
	"3:1450": 1450.0,
	"3:150": 182.22262812455011,
	"3:200": 179.12789431282025,
	"3:250": 160.53431205351538,
	"3:300": 180.02986992264883,
	"3:400": 342.36111111111109,
	"3:450": 411.80555555555554,
	"3:500": 500.0,
	"3:550": 550.0,
	"3:600": 600.0,
	"3:650": 650.0,
	"3:700": 700.0,
	"3:750": 750.0,
	"3:800": 800.0,
	"3:850": 850.0,
	"3:900": 900.0,
	"3:950": 950.0,
	"4:100": 206.79793844642452,
	"4:150": 200.626516882218,
	"4:200": 206.25144859581371,
	"4:400": 471.28343621399097,
	"4:450": 520.48611111111109,
	"4:500": 500.0,
	"4:550": 550.0,
	"4:600": 600.0,
	"4:650": 650.0,
	"5:100": 276.410638712948,
	"5:350": 561.90307784636,
	"5:400": 595.471643518497,
	"5:450": 630.78703703703707,
	"5:50": 265.7856734619379,
	"5:500": 500.0,
	"5:550": 550.0,
	"6:0": 388.17976551837938,
	"6:1000": 1000.0,
	"6:1050": 1050.0,
	"6:1100": 1100.0,
	"6:1150": 1150.0,
	"6:1200": 1200.0,
	"6:1250": 1250.0,
	"6:1300": 1300.0,
	"6:1350": 1350.0,
	"6:1400": 1400.0,
	"6:1450": 1450.0,
	"6:1500": 1500.0,
	"6:1550": 1550.0,
	"6:1600": 1600.0,
	"6:1650": 1650.0,
	"6:1700": 1700.0,
	"6:1750": 1750.0,
	"6:1800": 1800.0,
	"6:1850": 1850.0,
	"6:1900": 1900.0,
	"6:1950": 1950.0,
	"6:2000": 2000.0,
	"6:2050": 2050.0,
	"6:2300": 2300.0,
	"6:2350": 2350.0,
	"6:2400": 2400.0,
	"6:2450": 2450.0,
	"6:300": 696.6452055497308,
	"6:350": 736.53226764341969,
	"6:400": 751.62412122779574,
	"6:450": 765.8275462962963,
	"6:500": 500.0,
	"6:550": 550.0,
	"6:600": 600.0,
	"6:650": 650.0,
	"6:700": 700.0,
	"6:750": 750.0,
	"6:800": 800.0,
	"6:850": 850.0,
	"6:900": 900.0,
	"6:950": 950.0
}