{
	"1:250": 238.86291219885843,
	"1:300": 248.02606481186922,
	"1:350": 252.90861125401534,
	"1:400": 210.97125771604939,
	"1:450": 175.0,
	"2:200": 189.34571328194969,
	"2:250": 194.80792958117732,
	"2:300": 180.39772682169183,
	"2:350": 150.09993355624141,
	"2:400": 211.11111111111111,
	"2:450": 300.0,
	"3:150": 182.22262812455011,
	"3:200": 179.12789431282025,
	"3:250": 160.53431205351538,
	"3:300": 180.02986992264883,
	"3:400": 342.36111111111109,
	"3:450": 411.80555555555554,
	"4:100": 206.79793844642452,
	"4:150": 200.626516882218,
	"4:200": 206.25144859581371,
	"4:400": 471.28343621399097,
	"4:450": 520.48611111111109,
	"5:100": 276.410638712948,
	"5:350": 561.90307784636,
	"5:400": 595.471643518497,
	"5:450": 630.78703703703707,
	"5:50": 265.7856734619379,
	"6:0": 388.17976551837938,
	"6:300": 696.6452055497308,
	"6:350": 736.53226764341969,
	"6:400": 751.62412122779574,
	"6:450": 765.8275462962963
}